Tasa_de_desempleo;Salario_promedio
749.448.142.616.835;2.536.643.914.952.980
14.408.571.676.918.900;851.216.792.874.181
11.783.927.301.736.800;17.192.541.098.538.200
1.018.390.181.036.440;20.853.367.869.838.700
4.872.223.685.309.230;313.751.335.252.436
4.871.934.244.034.430;32.417.692.963.040.300
36.970.033.460.183.900;3.427.383.761.706.100
13.394.113.749.299.200;1.413.013.265.985.840
10.213.380.140.918.500;19.432.908.295.245.600
11.496.870.933.552.500;13.684.336.265.862.900
32.470.139.315.496.200;3.436.520.857.516.590
14.638.918.225.943.900;11.137.538.922.438.300
1.298.931.168.960.500;14.564.534.295.180.600
5.548.069.328.139.310;26.350.364.192.080.700
5.181.899.606.485.200;2.747.408.770.621.300
5.200.854.118.241.200;317.045.974.701.834
6.650.906.915.514.450;2.661.907.586.125.770
9.297.077.179.586.850;2.276.884.703.557.150
818.334.022.370.539;23.689.956.304.850.100
64.947.496.823.765.000;27.070.012.914.238.400
10.342.234.736.668.500;2.119.209.813.861.480
4.673.926.327.824.500;2.962.005.788.791.620
6.505.735.782.422.610;27.180.769.989.036.700
73.963.421.195.243;2.428.276.518.354.130
847.283.981.060.443;22.185.327.923.926.500
12.422.111.536.716.100;14.537.432.679.630.300
5.396.085.385.900.310;2.965.209.677.146.670
9.170.813.260.963.330;20.700.876.234.746.300
1.010.897.482.634.450;2.229.356.259.845.800
35.574.049.526.399.700;3.109.597.549.028.100
10.290.538.222.817.200;1.904.518.026.604.270
5.046.289.484.247.490;29.027.958.914.956.600
3.780.619.115.823.350;35.332.717.537.060.700
1.438.662.644.704;11.619.856.658.943.100
14.587.584.396.894.700;12.888.520.285.147.800
12.700.768.177.397.500;1.162.734.289.913.090
6.655.365.230.080.440;2.722.337.007.157.760
4.172.065.368.076.600;3.343.513.085.509.360
11.210.796.318.145.800;17.742.975.342.259.000
8.281.829.924.875.210;25.567.300.900.380.200
4.464.458.818.137.340;30.036.505.463.524.500
8.942.122.921.335.240;24.934.449.037.700.600
34.126.622.533.826.200;3.777.247.174.047.320
13.911.844.824.945.300;11.450.633.229.229.900
6.105.359.779.200.200;2.689.827.539.879.800
10.950.267.412.247.700;21.006.234.129.739.800
6.740.532.913.072.930;29.678.078.465.315.500
924.081.625.413.373;20.472.647.437.426.000
9.560.523.352.119.350;20.038.579.661.569.500
5.218.253.466.306.320;2.899.992.384.966.630
14.635.015.533.174.700;8.041.067.911.582.040
12.301.593.880.333.300;13.559.508.346.364.800
14.273.987.298.770.200;9.443.743.868.955.320
13.737.928.205.131.700;1.098.854.845.952.810
10.174.799.745.733.000;19.581.030.733.760.300
14.062.490.820.277.400;1.234.344.782.451.820
40.619.100.246.230.300;34.977.180.936.382.000
5.351.794.349.029.740;27.299.703.220.462.900
3.542.727.466.926.450;3.488.318.986.310.020
6.903.963.969.159.170;25.764.094.373.230.600
7.664.127.476.273.780;2.457.281.762.814.750
6.256.188.381.286.750;288.372.622.217.597
12.944.850.109.823.100;11.864.855.737.229.000
7.281.039.920.323.070;2.620.273.965.172.190
6.371.214.116.248.560;2.759.047.618.392.890
9.512.352.997.898.980;21.960.196.532.218.300
4.691.090.699.697.150;3.119.615.588.842.130
12.626.363.769.048.400;19.657.872.741.724.800
389.460.772.415.725;3.093.530.458.318.280
14.842.643.239.206.200;9.252.719.611.583.950
1.226.693.723.155.980;14.219.844.484.030.600
5.384.588.178.410.060;28.119.869.404.859.300
3.066.265.405.483.220;3.259.269.493.442.050
1.278.553.714.145.800;16.806.958.779.299.000
11.482.288.126.171.400;198.764.322.436.369
11.748.086.016.491.800;15.362.335.379.517.300
1.225.524.416.023.130;13.824.800.533.328.800
38.885.358.208.090.800;33.165.759.471.154.600
7.301.588.742.531.270;24.292.376.426.375.500
4.390.428.714.301.550;3.248.500.620.690.790
13.357.241.110.507.100;13.691.363.820.688.300
10.479.577.521.930.600;16.009.356.726.144.100
697.077.629.823.179;29.153.457.806.196.500
37.627.002.034.322.800;3.606.635.493.932.640
6.731.787.860.587.940;25.310.846.897.855.300
69.021.998.643.209.600;25.420.197.151.486.100
1.175.527.414.005.670;1.706.118.250.133.620
10.650.689.656.262.500;19.367.534.267.448.900
13.646.552.910.915.900;14.023.982.723.513.800
8.666.579.101.943.390;26.687.250.873.645.900
443.513.095.125.962;3.077.584.364.249.260
11.558.937.446.675.900;1.528.553.061.757.120
1.212.942.058.340.270;12.982.520.377.165.400
9.735.326.370.833.950;19.067.487.178.448.200
12.251.606.159.454.700;15.430.533.735.342.900
8.925.547.156.372.680;25.738.021.414.290.100
9.272.793.952.583.920;20.419.189.496.759.700
8.130.492.220.302.590;2.418.659.146.267.260
33.050.295.209.291.400;3.335.709.516.599.620
4.294.697.123.919.650;3.378.739.229.905.680
3.377.150.228.240.810;3.829.956.439.526.560
10.636.924.935.165.300;1.766.441.258.382.860
677.227.177.291.592;2.547.657.756.913.170
9.102.848.293.976.430;2.388.262.516.618.520
13.890.797.687.113.100;13.582.187.605.026.300
5.991.506.749.786.490;3.171.040.115.189.900
7.924.595.076.427.550;25.318.666.217.796.800
12.066.613.662.516.500;15.148.188.493.392.700
57.455.779.858.994.600;29.690.153.689.585.600
3.923.758.917.945.510;34.369.889.325.274.700
6.477.017.434.965.210;286.869.294.924.643
4.934.655.447.048.050;31.145.237.168.118.400
14.156.371.828.110.800;13.820.605.722.956.500
12.697.444.554.773.000;16.943.702.071.345.300
10.600.845.078.125.000;21.562.627.825.824.800
13.457.527.082.252.600;14.382.365.610.674.000
12.644.064.922.789.300;14.377.633.993.787.500
52.388.407.066.324.300;2.981.574.595.960.170
13.710.707.981.879.700;1.499.160.196.925.720
9.472.106.902.987.800;19.421.914.852.049.900
1.268.928.186.196.870;15.358.782.893.808.300
13.753.095.599.081.900;1.170.713.117.718.140
68.160.416.996.623.600;26.425.406.246.544.900
4.320.623.094.332.120;3.391.565.753.655.030
57.352.219.505.033;28.911.754.235.033.200
8.125.293.463.515.070;23.842.286.169.282.100
12.816.177.191.069.900;1.164.793.333.590.030
13.328.766.999.076.100;14.834.973.133.902.100
30.834.255.663.742.800;3.512.411.722.953.350
9.128.967.630.930.780;26.068.574.184.749.300
8.008.932.037.785.340;23.366.579.454.523.300
56.652.937.256.487.600;29.107.713.204.030.300
4.438.384.408.004.190;3.162.199.855.141.310
70.513.820.568.435.300;29.052.142.445.839.800
1.431.491.644.695.020;11.179.576.041.325.600
6.878.435.184.249.060;26.801.172.683.042.500
9.225.487.460.920.390;2.276.481.809.759.220
11.436.227.506.742.100;1.750.076.323.282.840
7.363.555.228.551.520;2.438.002.231.379.580
14.661.384.992.651.500;11.065.410.000.493.500
14.549.367.539.305.300;13.048.528.421.108.800
602.138.754.990.437;2.590.419.430.136.910
8.966.982.070.708.620;223.319.752.068.765
6.610.539.717.801.230;2.537.867.893.451.910
6.418.085.932.529.610;2.955.392.139.279.040
34.426.433.682.543.900;30.068.339.453.923.600
10.314.772.007.758.700;18.252.612.289.939.300
9.032.148.278.746.330;22.690.127.192.636.300
3.617.745.014.999.870;35.895.558.028.468.900
6.343.757.570.839.330;2.718.098.433.617.530
13.899.190.631.599.800;11.091.219.683.413.900
58.747.426.880.036.600;32.012.828.762.873.800
4.738.738.465.094.670;27.626.495.268.978.100
8.873.433.123.330.750;17.855.521.840.098.300
14.827.805.449.327.200;11.224.418.001.452.200
59.046.632.581.380.000;27.186.565.035.018.700
11.065.626.568.870.500;15.826.281.227.997.400
12.139.435.383.944.600;17.137.842.126.709.400
5.851.650.527.908.790;28.784.300.371.724.800
11.738.596.183.342.300;15.394.650.371.841.900
7.413.397.592.631.030;2.261.259.601.739.610
10.587.669.967.122.900;20.569.574.722.314.300
10.602.356.529.130.700;2.009.568.929.765.580
9.429.296.208.897.100;2.094.305.585.464.700
40.834.772.406.529;3.552.631.951.078.950
13.023.629.947.070.800;11.812.570.573.205.900
684.936.077.966.083;23.250.228.098.828.800
523.822.212.479.825;28.139.739.610.641.000
3.489.301.698.657.160;32.930.224.569.974.600
10.090.715.318.258.900;20.305.248.262.127.500
11.130.772.342.107.300;17.255.983.200.072.500
3.199.053.947.134.270;3.430.600.289.876.000
9.145.116.699.591.370;1.920.668.775.243.630
57.179.493.023.752.500;3.145.163.060.339.600
10.742.073.484.913.300;18.351.550.673.388.000
5.092.397.148.059.890;32.049.797.367.056.400
1.129.125.285.722.950;18.102.944.978.296.200
7.640.824.155.606.440;2.563.185.812.709.460
14.240.759.864.840.800;12.658.014.830.782.700
4.650.251.329.751.910;31.594.914.460.530.700
7.092.796.212.603.100;27.099.853.094.528.800
4.361.682.254.887.060;33.934.940.550.490.700
14.096.323.419.342.700;12.200.395.500.717.400
13.528.072.240.571.700;14.361.863.034.033.400
6.095.299.532.581.860;27.629.929.546.261.800
1.091.980.855.241.010;21.040.617.326.078.600
1.280.666.640.241.450;13.033.882.591.052.200
9.662.409.739.193.540;24.277.061.387.434.500
9.355.806.940.272.070;2.120.807.021.816.710
590.222.749.080.542;2.533.399.481.415.300
411.723.321.367.079;3.202.174.240.248
1.376.658.909.543.990;111.047.184.941.704
13.805.016.685.959.900;14.071.253.726.057.500
10.597.217.487.279.200;17.500.317.066.836.700
7.068.357.492.584.400;24.970.918.148.401.600
7.190.514.895.351.930;21.839.888.747.405.000
11.711.468.146.442.800;15.672.451.068.616.100
13.765.323.119.430.900;7.621.595.107.880.230
13.645.037.091.181.400;9.542.120.170.665.730
12.358.506.550.291.400;16.803.816.211.705.600
10.704.379.753.851.400;20.162.840.809.598.700
4.009.679.579.940.580;32.831.555.963.688.700
4.939.544.569.135.360;28.186.958.575.470.800
13.782.650.262.324.900;12.339.276.763.066.100
10.277.148.715.915.000;19.438.497.489.988.700
31.103.646.193.995.500;31.462.541.382.815.800
4.217.658.514.392.380;3.457.147.957.474.950
1.096.202.122.929.660;19.830.682.122.558.000
30.607.390.061.546.200;33.436.593.640.031.400
4.929.696.617.009.980;30.194.378.443.969.000
9.584.805.472.399.030;21.247.154.671.097.000
1.130.274.237.231.230;13.311.045.518.526.700
10.823.535.114.031.200;17.858.575.006.896.300
5.691.231.713.526.710;2.725.356.807.695.090
1.154.615.065.617.040;1.490.445.866.786.930
5.846.989.049.961.600;27.743.821.314.304.800
6.904.796.377.911.210;2.978.578.029.787.660
1.195.789.686.141.620;17.365.891.999.701.400
10.795.594.788.566.500;17.266.452.443.301.200
13.190.680.925.930.100;14.763.803.710.852.000
1.089.135.470.760.410;2.101.600.145.796.370
981.970.324.002.566;22.209.860.885.774.200
412.409.721.393.711;3.187.106.631.196.610
7.412.589.636.713.200;2.388.094.717.116.240
6.182.428.412.180.700;29.031.589.802.865.700
5.927.875.720.549.000;28.931.219.329.745.400
14.676.126.657.029.300;12.438.133.125.996.700
7.717.172.696.001.120;2.583.599.821.136.160
1.370.455.866.212.530;1.468.998.810.638.790
10.573.663.511.967.100;17.782.202.552.944.500
12.537.735.642.499.700;1.755.931.684.626.900
9.031.645.117.262.300;2.233.190.897.486.010
992.284.661.551.631;2.430.482.851.421.790
8.910.212.325.826.360;2.080.119.971.216.810
53.429.158.535.765.300;32.786.095.899.177.400
11.669.425.383.138.000;17.056.970.800.649.100
63.692.683.492.902.600;25.958.627.294.190.500
3.291.791.597.177.440;32.448.645.137.536.400
10.745.667.550.886.000;1.786.797.028.183.930
5.125.328.152.884.580;30.597.675.587.034.600
14.285.503.012.234.900;12.474.664.951.601.000
14.447.142.924.031.000;9.958.314.144.060.740
13.978.372.682.645.300;11.994.545.450.187.200
7.441.904.403.065.330;2.940.073.191.109.300
3.185.479.398.346.400;37.084.127.543.508.600
14.139.822.751.052.700;12.593.001.837.242.600
8.138.209.779.807.770;2.379.958.739.672.080
14.599.857.828.524.000;11.040.346.996.388.400
14.563.439.725.071.000;12.100.156.495.318.700
13.236.113.465.608.300;11.482.187.938.386.500
6.533.386.704.835.020;2.641.847.351.548.320
7.621.172.743.223.100;21.420.486.365.798.600
13.213.640.058.202.200;14.371.166.128.805.900
6.803.064.061.875.330;27.688.263.755.654.800
503.391.296.023.311;2.896.580.115.493.500
9.681.615.149.500.200;23.784.743.227.579.600
14.233.857.289.929.300;9.080.754.094.136.570
11.352.357.560.099.600;14.366.535.119.381.000
984.073.404.107.238;2.076.743.555.497.510
4.166.117.925.249.220;33.761.960.754.725.800
10.380.086.720.390.000;22.607.681.942.135.600
1.488.064.620.125.110;9.320.939.071.759.790
4.681.008.182.838.280;3.279.534.530.118.600
921.995.582.836.484;21.483.071.404.268.900
13.528.476.863.135.400;1.259.779.167.384.740
11.889.223.413.050.400;17.988.873.048.872.400
11.364.188.891.943.200;1.857.626.797.294.040
1.142.980.900.784.530;13.987.597.670.340.800
7.313.893.814.637.060;28.325.293.070.177.600
652.310.213.117.392;29.713.978.445.947.000
12.712.333.865.742.100;13.324.206.865.496.600
12.721.360.736.150.100;1.534.888.559.457.440
13.404.867.822.961.200;1.417.832.472.664.290
13.958.886.630.677.600;12.603.574.270.292.500
9.136.108.786.331.250;20.627.172.119.646.600
9.018.195.536.246.390;20.620.362.191.631.100
12.579.542.147.601.300;14.789.807.562.814.500
10.799.567.169.333.100;20.746.323.699.852.300
1.142.360.252.709.240;18.239.995.255.003.900
12.549.512.033.233.200;1.415.974.726.936.130
13.680.064.101.810.700;14.183.269.217.675.000
705.594.188.221.843;20.191.030.994.302.900
7.506.995.431.679.320;27.283.540.537.385.500
4.127.783.278.090.420;28.265.005.886.262.900
9.939.361.691.954.080;19.396.394.733.285.500
3.431.307.285.560.900;308.980.456.396.259
8.587.176.217.589.520;20.236.284.613.379.100
951.173.561.649.092;232.981.823.417.752
6.438.495.025.539.410;2.618.760.754.629.730
10.089.999.126.828.100;20.513.009.509.805.100
3.366.002.999.268.590;3.317.415.284.370.440
3.448.178.264.990.570;340.577.251.244.651
12.871.206.727.915.800;14.411.230.326.288.700
7.322.287.696.935.150;2.278.944.015.775.250
4.524.726.151.822.610;32.943.081.335.249.000
9.266.919.120.657.650;2.047.864.859.236.200
1.223.992.263.718.330;12.406.990.928.313.800
5.589.852.329.962.110;2.796.406.501.814.390
10.474.685.709.828.000;22.052.148.161.612.600
4.024.169.579.925.210;33.652.104.324.376.500
36.201.806.540.232.900;32.062.334.423.137.600
9.376.255.578.817.770;20.548.973.433.727.500
9.487.621.459.321.270;20.381.486.978.922.600
10.649.158.817.978.400;22.855.178.331.164.700
1.171.309.600.467.190;1.733.767.889.511.920
14.710.224.953.550.400;11.439.633.387.281.300
9.195.604.179.614.340;23.669.358.548.835
6.875.477.675.294.950;26.726.622.967.463.100
12.542.234.337.224.400;14.397.447.033.909.700
6.249.987.015.144.890;2.710.732.627.154.020
8.267.657.048.467.630;23.321.483.384.236.600
39.414.765.761.071.900;32.042.602.374.765.900
330.420.892.098.549;34.846.841.245.302.900
145.517.809.761.351;11.000.329.819.344.300
1.303.176.144.614.640;1.540.175.726.213.820
11.351.690.473.124.300;17.135.185.893.534.000
7.907.435.332.971.230;24.342.399.714.689.700
507.953.184.085.015;25.844.534.949.235.400
4.877.244.512.053.030;320.781.663.252.989
6.002.914.777.975.140;286.871.473.958.457
9.590.719.976.473.440;2.281.458.026.677.240
11.575.151.072.400.700;11.057.187.098.811.100
10.922.368.520.612.700;2.233.201.236.833.590
6.359.206.763.351.310;27.002.407.216.987.000
1.445.838.336.795.830;13.299.598.897.558.300
11.854.763.000.349.200;14.210.662.145.050.400
9.652.248.630.136.800;2.192.105.054.985.150
10.340.648.954.812.200;17.211.870.964.028.200
8.035.200.749.133.470;22.682.060.580.341.400
59.727.718.740.138.800;31.882.518.959.705.700
7.271.672.143.815.130;25.075.290.910.843.000
1.209.415.332.557.240;16.246.559.095.214.500
31.727.218.635.570.700;35.394.691.734.263.300
4.392.871.686.082.990;3.220.562.040.377.920
3.552.031.704.261.030;33.196.774.401.765.000
34.887.456.278.276.400;3.375.243.074.927.710
13.265.527.008.132.000;1.827.577.715.421.230
11.443.894.312.560.200;16.996.973.780.812.200
8.690.085.949.047.900;2.302.202.619.533.410
4.174.009.927.812.010;3.375.328.893.639.110
8.899.390.501.401.980;2.441.227.086.311.190
8.681.661.249.366.780;2.501.073.811.238.710
5.078.422.438.920.180;31.120.615.566.218.000
8.206.219.790.855.670;2.130.155.059.282.760
7.782.056.812.768.480;27.702.749.439.065.200
10.390.201.176.626.500;1.692.690.686.070.940
10.621.123.810.411.700;19.363.023.309.654.600
3.543.648.117.264.530;31.404.152.065.432.200
7.495.351.375.517.650;24.881.020.555.778.700
10.510.318.988.570.800;19.636.886.843.465.200
9.037.635.102.961.050;2.256.744.422.497.840
13.277.878.094.259.800;14.288.085.319.950.800
1.090.432.357.942.730;21.418.775.379.262.600
4.955.213.124.977.150;3.099.664.235.307.360
3.846.824.968.805.150;31.818.036.791.808.300
10.709.031.338.475.700;20.510.111.659.625.100
33.181.357.264.994.600;35.742.669.524.850.300
1.002.930.697.528.150;17.486.170.419.162.800
14.282.762.897.099.400;12.629.274.345.500.700
9.905.690.134.510.540;21.590.965.215.600.700
7.658.039.114.478.260;2.408.879.476.432.340
10.719.458.621.308.200;21.312.496.384.006.700
8.499.034.685.898.190;22.701.819.454.138.500
9.547.401.471.791.210;2.115.634.996.336.060
14.297.577.705.318.300;1.105.870.094.079.560
76.332.316.536.092.900;24.764.694.787.944.300
14.534.286.765.886.900;8.738.876.294.435.650
13.864.207.703.472.700;9.391.482.827.865.880
5.349.493.617.471.550;3.249.002.289.150.680
38.323.356.105.019.800;3.064.140.608.235.930
420.933.601.652.912;2.959.854.326.802.910
32.186.619.078.185.900;2.925.589.595.715.530
413.331.552.907.114;30.455.445.446.478.700
11.196.081.280.996.200;1.496.165.785.119.240
3.854.263.781.522.740;3.557.550.275.722.720
6.827.707.563.525.130;28.364.219.051.634.900
13.138.503.731.633.400;12.346.691.846.377.600
32.792.632.288.299.100;37.946.345.153.028.700
1.277.362.179.106.720;16.416.287.391.848.700
6.382.257.297.280.790;2.658.582.263.842.110
4.417.977.931.459.870;26.165.232.707.333.100
11.360.845.984.369.800;21.860.193.176.441.800
10.547.314.161.358.600;16.126.226.743.755.500
13.529.664.162.324.600;9.649.874.181.436.940
11.820.852.525.646.600;18.403.435.812.726.000
12.641.771.164.618.100;1.959.596.248.344.210
6.384.414.870.855.670;29.999.715.895.309.600
5.129.274.525.356.670;30.869.269.189.391.300
120.073.770.196.903;1.717.475.464.394.990
12.682.016.871.207.100;1.634.279.737.514.620
1.488.606.170.400.800;1.174.573.377.155.730
7.951.412.122.937.110;24.659.558.602.064.500
7.464.217.029.513.390;25.279.968.148.876.900
12.316.955.528.903.900;15.240.902.686.393.000
7.089.642.483.036.210;2.431.278.585.619.420
14.169.087.907.242.700;11.100.474.031.780.800
13.300.953.022.116.100;10.012.180.327.376.900
8.147.928.328.500.220;2.350.746.408.941.000
12.010.452.813.497.900;14.001.912.158.702.200
12.054.514.489.016.100;1.368.379.238.753.600
4.237.486.426.031.190;31.884.815.450.244.500
138.306.348.801.548;15.122.734.812.379.500
9.063.028.469.374.280;23.710.576.273.256.000
12.917.489.593.292.800;1.102.401.960.616.780
6.840.595.212.367.340;2.433.955.330.212.460
13.746.278.741.954.400;1.438.898.489.206.760
7.670.420.144.809.950;22.694.184.923.303.400
31.300.518.177.635.800;33.290.630.064.478.700
13.864.583.717.031.100;13.370.936.763.986.700
4.095.440.121.433.600;2.987.243.084.740.550
6.831.763.651.084.970;2.654.722.371.012.190
14.400.743.604.609.600;8.530.461.800.944.270
14.407.285.763.250.600;9.982.693.185.596.220
9.881.254.657.479.430;20.877.054.553.326.200
10.582.046.546.037.500;15.649.919.440.861.400
8.381.346.263.739.830;2.411.825.694.844.110
6.518.529.260.376.770;2.692.366.588.139.300
69.439.745.444.389.900;2.721.703.081.995.630
1.107.022.147.292.440;18.307.385.322.280.400
1.202.849.435.325.210;18.671.292.153.443.300
12.498.948.524.710.100;15.252.551.955.875.400
12.475.417.713.534.600;14.190.353.490.680.200
4.094.473.236.584.280;32.055.648.532.896
8.933.043.656.430.970;23.220.508.745.210.800
36.907.051.201.997.300;32.716.309.900.251.900
9.594.346.587.884.820;20.892.490.206.638.100
8.298.366.016.480.520;2.199.928.459.142.540
13.652.450.193.099.500;1.136.929.777.869.890
7.210.980.150.624.940;2.277.282.915.515.070
440.480.419.713.127;3.468.954.509.211.130
471.590.018.463.403;2.808.047.315.994.930
12.138.127.580.609.600;14.337.934.443.188.800
10.418.616.759.795.100;17.725.951.949.271.300
42.134.721.134.734.800;33.362.904.526.941.900
4.009.281.673.379.960;31.391.537.296.656.000
1.141.162.957.750.940;19.672.224.990.328.500
38.731.560.763.703.200;30.906.706.598.771.600
12.862.320.711.484.200;14.833.346.901.479.000
11.474.906.725.877.900;15.379.492.441.724.500
3.976.185.367.702.790;36.337.927.520.141.100
4.018.052.569.022.300;2.958.869.802.389.630
14.839.674.942.014.100;10.940.291.536.425.800
7.491.249.549.073.440;26.285.054.663.717.300
7.447.705.764.802.690;2.593.218.666.529.760
12.753.594.807.090.000;14.122.235.068.064.500
14.366.982.928.606.300;11.006.392.743.320.500
1.483.201.276.587.440;10.423.597.412.209.300
120.405.382.231.073;15.624.919.550.528.400
7.515.115.026.370.980;26.897.528.180.847.800
4.002.008.600.384.020;3.641.702.880.241.460
12.325.762.991.129.200;14.233.490.447.725.800
9.700.850.996.829.660;17.858.692.047.182.500
8.090.664.110.963.710;2.364.210.768.137.000
13.876.252.621.136.800;17.406.913.433.034.900
43.343.697.876.738.100;297.239.112.887.129
891.150.125.149.031;2.545.523.110.790.750
3.136.243.737.209.020;37.082.914.153.734.800
8.623.927.703.929.510;2.164.496.810.872.490
3.675.639.308.182.040;33.786.687.542.006.400
4.425.814.995.216.860;3.440.516.325.582.330
4.410.314.961.325.250;30.421.114.595.374.500
10.790.523.625.392.700;18.011.792.029.009.700
11.952.538.551.185.000;14.931.561.069.732.500
10.000.425.181.165.900;17.969.636.176.282.400
14.546.070.581.694.500;960.930.374.647.898
7.498.446.954.284.440;22.555.225.557.906.500
6.428.545.035.382.320;27.211.076.865.753.700
13.423.189.538.273.500;1.161.367.446.133.560
5.683.150.062.233.430;29.101.271.699.114.600
14.558.670.473.287.300;7.770.867.761.018.070
3.145.853.696.277.790;3.437.005.307.187.330
1.463.854.592.049.160;1.238.996.608.223.450
35.179.189.434.069.100;28.976.690.828.043.200
13.693.717.364.376.800;1.336.067.841.094.140
9.332.413.309.035.590;23.790.511.366.875.300
14.915.577.553.431.600;7.749.562.855.754.380
38.855.587.768.247.800;35.574.027.220.025.800
964.625.141.281.585;2.154.553.519.310.030
14.631.630.427.429.100;9.326.715.433.624.810
9.277.174.130.041.780;2.133.411.358.460.100
1.055.278.365.762.310;20.011.086.509.797.100
11.348.984.267.815.400;1.745.404.224.719.400
8.454.492.777.213.270;2.416.852.643.046.610
10.530.696.961.008.700;17.097.258.891.823.700
10.011.771.743.077.200;2.031.517.816.191.770
13.813.896.125.891.800;9.544.778.754.406.300
35.453.565.640.974.900;3.268.683.474.910.760
6.371.558.275.106.760;25.449.068.166.856.800
14.404.937.808.918.700;9.719.064.496.983.050
13.683.165.406.690.900;15.105.855.537.038.800
8.467.881.033.428.550;2.524.685.817.433.140
10.441.591.173.618.400;2.033.509.389.457.740
6.328.574.195.773.590;2.515.822.607.910.760
5.257.453.916.685.130;28.852.275.267.240.100
8.564.380.859.279.780;25.297.433.681.398.700
7.240.226.736.312.630;2.580.298.035.465.450
10.003.873.342.210.400;2.463.091.239.554.240
3.932.815.643.579.810;3.292.100.439.162.910
14.692.737.691.993.900;10.998.622.848.992.000
14.834.528.933.755.200;9.712.709.204.084.520
1.137.794.056.823.690;17.511.200.673.090.600
9.433.156.396.129.440;20.828.747.534.980.000
67.143.313.954.359.300;27.987.554.562.505.300
12.765.540.236.483.300;163.823.241.606.224
1.121.677.407.064.650;15.994.472.937.690.900
4.951.403.272.138.690;2.743.472.754.860.700
1.393.112.621.392.610;8.465.336.825.941.180
12.870.446.915.078.000;15.275.088.823.669.000
14.397.598.959.503.000;8.998.068.868.646.070
1.170.863.410.066.030;12.276.950.612.774.300
10.360.982.351.229.400;20.055.192.506.602.900
8.018.916.435.487.420;2.894.816.616.389.070
1.419.274.180.024.810;11.602.374.576.423.800
133.927.666.740.049;14.891.448.200.893.400
3.542.624.041.274.270;33.078.410.634.546.500
3.316.403.693.967.020;33.169.413.305.683.600
7.517.560.402.536.590;26.803.032.160.902.300
12.726.639.969.381.900;13.966.170.972.858.700
14.847.313.551.779.300;10.840.157.524.585.100
4.805.002.693.242.330;3.103.339.022.590.730
10.129.568.584.225.600;1.840.468.192.426.260
7.570.690.279.572.250;2.684.270.413.992.850
14.638.972.773.775.200;10.372.134.939.058.700
13.105.427.077.628.500;122.776.555.257.573
13.059.944.456.533.600;149.531.307.740.735
8.624.317.917.539.640;2.095.442.820.133.860
7.977.834.028.051.980;24.100.694.258.634.200
6.280.884.863.168.470;2.741.999.228.037.460
36.765.059.598.111.200;3.481.877.921.204.090
13.376.668.515.060.600;1.419.605.943.563.860
1.275.481.210.956.090;1.444.032.186.338.780
14.996.612.079.433.500;11.642.308.439.533.400
14.959.642.044.886.800;128.611.310.082.609
966.518.046.723.153;21.785.259.678.240.600
12.227.848.982.166.100;15.565.007.275.354.500
14.337.188.758.589.100;8.701.950.018.121.400
13.195.768.688.128.900;1.147.823.529.759.130
5.968.177.220.918.370;27.453.196.149.453.900
8.406.529.623.721.120;2.196.791.634.823.910
454.991.298.181.794;30.526.231.430.393.200
1.444.861.232.710.460;11.216.075.195.584.800
1.027.409.561.341.050;2.051.119.428.189.230
5.743.713.666.041.550;2.837.157.511.179.870
1.106.040.821.287.020;18.852.186.861.911.800
1.041.753.888.549.470;19.293.871.058.630.700
7.297.952.616.394.080;21.453.161.634.504.000
4.362.691.106.395.540;29.395.946.999.571.300
11.058.878.347.113.500;17.594.068.194.329.500
9.243.692.410.845.510;19.093.225.692.626.700
12.267.820.700.827.600;16.664.216.058.337.000
924.196.201.334.392;24.577.577.637.999.500
13.226.178.003.822.400;15.985.167.695.749.600
9.622.882.065.293.820;20.327.350.127.551.900
9.731.255.658.424.630;2.351.894.095.685.060
1.351.984.323.190.010;13.257.648.450.603.900
78.417.943.945.487.600;2.364.223.926.866.630
4.608.182.741.407.680;29.556.829.190.102.700
33.453.921.157.600.600;32.704.276.395.503.600
12.061.647.068.083.400;15.100.352.226.750.600
10.443.714.616.241.500;19.453.403.212.267.800
11.448.957.217.190.600;1.742.323.352.771.830
5.555.569.938.106.920;28.894.952.164.092.900
4.636.457.707.041.230;31.600.960.925.410.200
3.174.535.988.014.580;36.032.220.573.543.500
7.207.050.705.679.160;27.485.006.859.524.300
10.079.012.242.255.500;16.872.179.578.588.900
7.706.928.541.196.780;19.478.300.647.802.500
8.249.699.064.284.740;25.369.241.693.909.000
1.384.990.433.392.490;9.566.433.935.319.190
7.179.065.604.279.600;25.192.337.987.655.400
916.787.386.991.773;1.932.402.620.804.580
12.403.836.152.893.700;11.588.366.819.052.500
7.758.513.387.855.240;25.565.898.680.699.000
10.465.040.402.734.400;20.588.229.515.136.300
13.348.364.504.960.900;12.150.250.188.624.600
14.394.247.483.891.700;6.029.420.447.926.760
4.764.881.771.148.450;29.377.747.561.198.100
14.119.051.501.937.900;1.254.550.500.692.920
8.905.395.516.954.450;19.231.385.828.542.800
6.098.932.659.587.500;2.816.885.452.038.330
8.509.629.074.859.130;2.295.012.215.193.570
14.760.390.903.425.700;11.637.801.192.350.700
8.911.417.127.914.430;22.416.326.480.999.400
6.945.019.323.450.090;2.416.382.347.133.660
1.060.081.025.180.070;21.191.522.499.727.500
5.881.747.425.338.310;27.919.446.003.269.400
3.910.359.937.303.960;321.246.710.463.722
4.546.556.662.927.790;29.040.350.755.998.000
453.655.006.749.327;3.004.033.536.263.040
4.822.832.322.147.530;28.584.729.927.651.100
4.665.926.071.792.920;30.322.255.736.567.300
10.690.496.937.638.500;22.042.423.085.007.500
5.182.561.012.789.730;2.689.107.568.855.780
71.480.073.998.863.500;22.476.862.404.473.700
13.761.460.918.872.100;15.419.418.817.242.900
868.753.968.315.447;22.206.273.279.387.300
11.010.692.862.252.300;16.640.468.798.175.500
5.067.838.454.419.550;3.194.413.246.595.300
5.307.468.225.704.040;28.173.832.469.118.100
34.904.233.951.977.400;3.667.117.263.669.830
5.027.220.756.865.970;3.130.141.022.894.650
63.430.840.683.835.000;26.338.009.046.941.500
5.124.125.811.320.960;34.066.364.803.889.000
4.064.430.405.084.660;3.065.970.934.382.390
444.763.045.320.721;32.588.929.837.604.100
852.934.521.639.271;2.353.989.472.802.750
547.600.462.086.951;3.165.147.333.705.850
73.712.383.325.769.000;283.805.457.282.999
9.041.007.250.258.280;21.981.993.797.614.900
11.284.737.943.552.300;15.923.688.372.202.800
34.717.456.780.931.800;3.397.645.292.969.180
12.592.924.786.908.500;13.458.719.686.678.700
10.534.804.673.890.800;2.295.716.514.727.140
3.981.108.383.386.460;32.310.853.895.392.500
13.482.943.489.281.300;1.230.346.991.881.310
14.050.468.806.381.700;12.268.422.998.966.200
3.732.935.518.258.360;2.983.987.638.442.380
6.322.531.777.766.440;2.541.170.836.744.580
12.674.415.357.516.700;17.051.997.100.855.300
119.791.162.846.039;14.727.978.872.849.400
5.214.252.232.276.520;2.747.767.357.008.300
5.512.191.880.040.520;30.048.921.744.973.500
7.445.665.233.496.580;27.480.077.842.332.800
8.814.275.822.292.250;2.380.935.497.674.560
10.419.057.258.363.500;2.115.398.085.488.450
7.426.963.674.837.260;23.632.482.473.186.500
8.550.416.593.597.770;20.055.545.479.320.700
1.196.965.125.760.500;19.063.364.788.700.800
3.440.198.434.687.170;32.474.243.452.941.300
60.292.433.321.282.400;2.743.984.730.283.340
1.156.019.503.061.460;19.535.998.222.468.800
13.742.482.052.246.300;13.627.495.914.308.500
9.140.129.305.387.990;22.631.516.933.387.200
9.385.361.823.183.780;2.555.928.104.343.450
4.286.064.136.077.310;3.014.083.526.708.500
8.368.948.401.881.450;2.511.778.345.239.950
9.391.407.197.460.270;21.331.211.854.873.600
5.909.646.043.616.750;28.717.892.470.493.000
6.230.918.771.392.570;30.595.099.310.039.900
7.527.409.957.255.470;25.960.851.598.068.300
32.408.543.733.327.100;3.459.488.341.143.380
6.864.949.986.998.130;28.415.114.700.623.300
5.537.376.083.958.530;28.195.342.372.997.100
6.929.968.226.134.970;2.446.164.421.305.200
4.437.145.581.831.010;29.036.090.448.295.900
1.368.632.736.887.870;8.694.632.083.490.510
10.123.109.442.648.500;23.866.195.374.583.400
11.149.227.829.733.800;15.495.127.609.088.800
12.470.054.863.288.000;14.617.383.026.252.300
8.981.306.387.148.680;21.483.760.625.924.700
4.043.043.457.049.080;32.528.726.481.520.000
9.445.278.501.822.570;2.274.091.742.143.340
1.004.209.341.625.050;2.163.676.014.421.830
11.945.273.690.211.900;14.943.297.742.438.200
8.179.914.554.756.150;23.305.927.462.914.800
4.530.963.633.546.760;3.150.323.263.388.300
6.405.310.869.584.690;2.669.199.600.846.350
7.356.987.556.783.620;28.500.716.038.472.700
10.751.006.895.979.200;19.479.936.111.318.000
9.849.339.656.026.940;2.177.107.626.004.570
7.273.160.710.774.150;26.779.441.115.786.500
14.838.182.985.515.700;1.267.058.174.393.910
10.269.297.832.282.600;19.823.447.452.842.100
5.846.721.500.831.930;2.571.289.310.242.440
4.221.389.671.444.840;32.356.596.560.615.500
4.834.309.670.211.980;29.028.666.871.992.300
5.951.492.740.614.090;2.703.978.115.527.220
49.281.764.791.146.600;3.131.637.507.928.080
5.238.804.288.615.660;31.998.957.565.635.900
6.421.142.024.326.160;27.200.259.104.819.700
5.080.483.143.537.050;3.045.669.973.812.380
13.761.185.095.517.100;1.588.205.969.823.620
39.628.049.479.397.000;3.255.589.646.309.770
9.294.136.674.843.050;26.615.092.878.674.600
7.924.761.923.875.930;2.528.149.544.351.120
14.788.543.402.903.200;6.901.387.675.881.810
4.344.466.826.016.620;3.281.774.959.017.580
7.774.267.188.548.890;2.521.378.239.266.770
14.633.645.199.304.400;1.331.221.510.955.660
13.386.085.510.727.700;14.574.191.681.084.300
1.280.486.485.139.130;14.113.358.329.249.700
6.094.833.924.539.270;25.361.735.678.342.700
5.050.651.048.680.780;2.948.065.138.806.630
11.023.718.639.093.100;16.251.521.813.395.000
14.152.511.869.531.000;10.533.929.361.328.400
9.681.154.716.167.150;21.814.847.376.506.900
9.859.352.273.638.790;23.621.104.461.425.200
635.974.912.392.341;2.806.984.481.179.910
12.233.915.198.303.200;13.140.403.479.323.100
52.445.249.826.902.800;3.040.015.537.105.970
68.841.508.368.509.200;28.624.961.299.589.400
8.105.237.263.397.000;22.569.959.664.567.200
909.132.454.421.346;21.549.316.578.227.200
5.908.916.788.980.960;28.211.542.811.496.400
4.378.041.896.870.440;29.674.119.580.094.600
10.327.440.509.299.500;2.064.167.984.908.850
6.463.566.638.883.060;268.309.704.250.183
9.974.858.657.071.340;2.088.934.757.367.130
4.852.352.583.290.420;28.520.310.477.814.900
877.368.122.225.781;2.157.772.095.483.750
939.107.319.061.903;2.266.261.633.441.740
3.621.882.441.869.120;32.010.568.812.078.200
70.392.513.383.270.400;2.937.542.502.581.270
4.612.976.123.267.690;29.974.775.382.235.400
3.760.499.645.673.210;32.928.370.160.157.300
14.879.522.788.679.300;12.106.136.086.387.400
6.868.246.139.696.670;23.426.776.254.740.500
12.718.493.350.255.600;1.104.139.567.552.720
6.055.687.857.165.160;24.837.311.656.529.400
11.178.032.666.687.100;2.016.910.287.348.000
12.122.734.318.676.200;14.650.815.070.862.600
1.014.766.488.729.410;24.821.068.796.748.200
86.589.142.626.019;2.155.367.627.748.140
7.942.090.969.767.220;24.484.920.666.859.600
7.186.419.198.515.940;28.711.381.508.103.800
1.415.434.973.097.390;15.703.486.314.370.400
12.967.432.893.452.700;181.881.413.663.673
1.458.032.292.799.810;13.256.086.605.189.900
4.491.566.681.826.530;3.306.499.168.796.980
1.177.040.970.244.370;17.644.234.493.514.900
14.260.085.481.852.400;1.303.655.118.862.830
5.174.796.793.987.920;2.854.803.497.936.700
379.795.520.840.133;3.076.769.181.635.270
11.893.447.791.480.700;16.206.355.502.216.600
9.893.677.358.158.940;19.872.276.038.632.200
13.101.945.321.099.200;1.288.965.325.914.690
4.677.268.519.515.470;32.038.237.855.882.400
12.543.207.742.318.600;16.824.194.932.503.600
5.419.527.840.572.930;29.337.758.091.437.800
4.963.871.314.388.450;33.027.317.533.333.600
4.971.189.575.171.910;27.774.242.621.389.100
12.774.896.642.776.500;1.406.288.779.588.730
10.982.366.648.354.400;16.601.622.062.085.500
9.276.785.097.229.430;17.713.356.571.395.000
730.596.580.948.203;2.522.270.700.935.050
135.264.064.897.573;12.703.692.003.718.800
7.709.341.289.071.620;2.760.821.690.834.100
12.799.193.273.658.900;15.663.236.821.791.700
8.269.618.902.842.620;2.141.238.854.565.630
7.523.333.153.098.890;2.866.151.882.647.050
8.552.157.428.035.270;2.533.775.253.498.010
6.616.534.489.969.700;27.931.126.426.997.800
11.971.312.562.115.000;1.560.440.667.807.030
903.264.468.110.975;2.001.583.216.433.350
5.786.552.341.761.800;2.768.248.176.433.420
13.794.894.879.294.800;1.458.770.748.081.870
76.066.946.564.785.300;28.555.783.298.912.100
9.522.634.333.367.860;2.404.121.838.980.860
13.877.665.331.574.500;11.266.970.493.278.300
10.490.855.950.967.900;16.779.053.231.486.100
4.402.776.488.500.360;31.476.219.516.821.600
14.277.985.483.361.700;7.907.150.302.150.890
10.532.496.636.857.000;19.581.342.154.655.500
70.188.673.758.850.300;25.667.060.075.632.500
4.671.264.871.960.640;2.972.539.725.234.220
12.528.302.271.243.500;11.753.989.322.979.300
10.440.873.071.142.100;2.014.545.407.085.510
9.401.533.103.715.850;20.131.532.113.244.400
1.372.671.099.661.140;10.206.744.335.356.400
1.246.316.653.469.430;9.329.142.504.047.960
4.820.098.556.793.010;303.047.730.763.127
6.740.664.813.546.570;30.063.173.566.246.300
5.981.869.677.773.580;31.358.779.073.548.500
11.927.355.510.872.100;1.523.109.646.508.320
34.023.892.168.293.500;31.990.797.445.617.700
9.838.676.218.455.790;2.126.019.607.523.840
12.149.504.228.888.200;13.704.220.663.846.800
13.521.187.641.140.900;13.561.208.517.356.900
710.498.098.459.089;27.322.198.587.587.600
12.855.087.656.064.100;16.743.691.135.640.300
4.327.580.843.462.480;3.114.453.016.011.510
13.157.427.500.814.200;1.327.779.749.801.760
4.529.863.947.983.780;29.184.306.930.519.200
7.767.447.486.724.400;22.811.344.318.471.400
12.567.544.389.354.600;1.441.195.343.748.760
4.799.009.128.185.280;31.136.712.757.261.700
5.751.016.742.791.690;303.251.357.668.831
11.667.030.820.716.700;1.505.958.045.720.570
11.640.438.438.552.800;1.970.450.026.081.320
10.693.771.594.623.500;18.070.209.608.667.700
113.273.813.336.052;1.730.250.274.409.270
9.512.693.320.171.150;19.480.190.001.362.000
6.021.588.706.883.430;2.310.834.206.568.720
7.148.351.922.047.030;27.471.386.948.628.000
5.179.172.601.617.100;31.115.342.590.950.600
1.390.140.673.600.350;1.163.453.141.375.640
10.000.701.537.193.400;20.132.578.360.062.800
7.810.217.001.163.670;2.541.144.443.308.080
8.544.069.643.729.590;1.978.676.899.876.770
14.367.400.075.341.700;10.207.094.494.623.800
4.840.216.837.392.960;3.190.809.568.445.770
10.034.757.984.201.500;17.421.905.185.258.300
9.070.664.146.613.590;2.244.578.757.110.600
10.337.450.825.215.700;16.611.934.740.321.600
3.217.322.205.850.080;3.449.821.555.316.680
13.465.486.907.329.800;12.997.743.220.745.300
14.185.419.389.803.300;8.398.897.588.582.280
9.781.598.203.070.500;2.276.628.230.277.330
11.359.809.886.522.700;15.811.197.073.358.400
14.069.992.574.127.500;10.239.509.977.716.100
11.486.863.611.760.700;17.427.411.170.940.300
4.830.468.514.971.130;3.263.633.766.891.510
9.915.460.322.001.750;18.137.435.718.039.600
1.028.058.055.659.420;19.562.198.586.507.400
8.089.568.055.628.630;24.678.496.889.403.800
11.837.330.827.496.600;17.711.549.559.532.900
14.212.404.177.228.100;11.928.074.756.098.000
14.106.822.154.881.300;11.052.300.012.070.700
8.410.072.456.849.580;21.524.674.645.003.300
43.588.565.500.890.600;31.454.574.665.914.600
14.818.094.387.548.000;8.219.533.200.932.750
13.066.777.037.351.200;802.374.495.830.837
4.495.952.174.439.200;31.881.215.259.436.900
14.050.102.591.408.400;13.707.664.499.355.400
13.438.756.344.745.500;8.396.622.439.425.240
9.226.056.685.512.860;1.952.842.521.955.430
1.009.530.522.893.910;21.047.698.064.132.000
7.788.032.446.441.560;28.538.926.046.540.200
3.657.139.665.864.370;3.272.730.808.362.200
7.022.366.899.750.810;24.499.260.318.040.100
12.634.241.383.176.100;14.365.724.351.438.000
30.555.842.760.552.300;36.638.584.286.185.900
700.199.006.029.373;24.704.091.521.163.400
7.778.024.323.091.310;22.845.567.340.516.800
9.448.747.235.255.070;20.137.018.485.125.700
14.038.267.396.953.100;10.016.807.989.576.300
7.156.151.932.391.530;2.593.303.676.720.650
7.163.438.422.754.730;2.892.248.007.142.960
11.850.014.977.316.900;169.461.285.915.981
8.426.615.290.677.680;2.264.206.241.439.200
56.952.578.752.797.800;28.025.861.711.609.300
842.927.419.359.232;20.015.069.995.422.000
4.690.284.244.557.590;3.238.565.106.517.910
511.664.383.807.468;2.961.103.792.982.500
8.980.413.272.873.750;21.678.213.627.071.200
8.027.105.394.054.570;30.332.004.347.580.500
13.978.150.812.817.200;12.641.204.191.096.900
7.348.726.789.399.590;23.798.964.321.010.400
9.967.060.203.336.520;1.921.316.440.091.580
10.587.171.455.034.300;2.112.254.850.832.470
31.571.334.790.600.000;3.391.227.386.295.550
10.962.448.464.200.500;15.198.547.114.964.200
5.136.431.602.437.010;3.156.559.466.427.630
14.532.843.809.633.400;9.598.024.209.655.080
47.839.527.330.373.500;3.417.869.008.636.030
7.975.489.484.724.280;26.209.117.161.980.700
4.024.196.016.943.720;31.056.964.174.795.000
14.962.491.022.151.300;12.637.050.679.167.400
9.026.340.123.974.910;2.208.303.077.310.490
10.144.620.207.840.500;2.141.630.693.456.330
38.049.177.286.611.200;3.335.963.017.726.660
11.999.525.644.790.100;14.308.235.400.437.900
5.518.867.117.147.020;27.675.166.101.071.000
13.776.651.473.288.500;14.506.618.688.585.100
5.461.675.685.784.080;28.407.097.964.218.700
5.288.252.647.963.990;2.861.619.777.758.800
34.385.960.141.771.300;31.212.562.812.947.000
8.664.803.341.319.990;2.351.759.144.854.690
9.778.093.599.151.390;24.568.862.640.183.400
37.885.036.731.402.200;30.287.926.825.211
12.306.331.400.340.100;15.435.776.112.665.200
8.439.466.016.976.330;25.945.509.076.878.100
929.268.323.193.096;2.125.535.075.364.660
8.289.152.963.258.730;2.432.643.766.598.190
7.809.156.730.503.910;22.256.899.482.698.400
9.715.683.975.698.610;2.142.524.624.301.800
486.288.295.116.855;29.899.945.567.653.800
51.831.375.659.432.500;3.160.518.485.947.320
13.341.427.452.162.200;1.569.191.719.880.500
14.353.385.545.603.500;16.472.356.192.830.000
7.479.711.795.357.030;26.199.842.755.713.000
6.248.936.077.722.640;28.153.720.477.719.000
1.072.799.451.886.810;1.893.277.956.541.820
7.904.810.053.177.150;2.348.404.730.802.430
33.046.362.679.241.300;34.067.695.151.075.100
4.873.831.168.394.280;2.966.153.484.293.330
1.159.166.674.616.870;1.715.358.846.020.160
10.907.087.302.921.800;20.821.020.465.372.200
3.325.151.910.041.800;3.133.661.104.935.710
5.663.665.943.195.390;3.095.242.523.586.730
5.772.897.559.056.850;3.108.843.501.656.600
1.106.271.292.318.470;17.638.437.099.648.300
323.652.645.305.237;2.928.323.729.587.800
4.249.302.983.814.880;3.028.575.005.818.130
12.598.993.024.478.200;17.396.003.044.165.600
5.142.535.944.652.000;29.669.191.986.098.200
10.832.953.294.222.400;16.335.488.946.965.100
5.858.193.372.560.710;2.727.406.341.242.210
4.193.296.713.112.140;3.329.464.662.678.480
59.180.662.919.934.400;2.925.733.455.241.580
1.166.720.318.226.790;1.618.772.943.712.470
13.268.357.617.275.400;12.729.635.941.819.700
12.962.638.374.803.800;1.329.120.695.230.450
7.766.202.355.421.450;22.622.774.920.160.000
11.017.021.638.847.700;21.196.708.101.243.300
5.459.811.544.989.850;28.435.735.971.597.600
6.517.772.763.132.150;29.398.771.515.386.600
13.756.029.822.253.400;15.530.572.459.338.000
31.560.230.821.288.300;3.568.457.563.203.820
4.026.102.370.253.610;3.108.455.463.405.660
5.494.635.061.752.320;29.818.190.057.168.500
33.183.864.464.858.300;33.314.835.894.246.400
5.177.225.221.077.560;2.783.814.583.638.460
9.996.498.731.636.300;20.655.721.100.170.500
8.057.094.607.109.970;21.527.731.203.460.400
13.712.060.532.923.600;14.951.237.711.075.700
1.280.932.274.086.120;13.452.119.923.680.600
7.101.808.220.374.510;26.198.702.870.996.600
6.113.081.201.175.500;28.340.413.340.741.200
7.556.308.898.007.200;2.436.957.225.657.740
10.083.539.310.177.600;2.100.630.898.259.510
6.216.763.689.874.510;2.661.666.530.700.590
10.489.786.894.189.600;20.763.020.806.535.200
7.912.939.826.294.880;21.482.160.986.916.700
9.624.566.170.223.760;21.003.626.818.645.300
82.335.183.496.238;2.741.082.129.886.890
65.335.891.145.030.100;2.493.215.912.178.280
1.438.143.968.354.580;9.881.630.691.858.530
1.216.326.952.991.710;16.701.276.639.483.500
4.681.358.109.197.430;30.996.447.345.484.300
13.421.615.710.774.900;1.385.802.877.699.720
8.849.174.378.994.160;23.280.025.502.307
13.734.626.722.729.000;13.800.189.491.665.300
12.598.263.071.367.700;17.022.873.541.176.800
8.102.562.053.630.800;2.461.451.320.659.540
3.269.631.699.841.400;329.782.212.910.801
6.224.128.312.619.350;2.889.689.077.716.670
9.499.610.575.930.400;2.480.054.271.792.960
10.601.738.637.913.700;18.531.255.231.407.300
6.094.652.225.198.420;25.861.636.940.261.800
467.227.288.887.389;32.869.615.560.826.100
13.019.162.841.591.500;13.720.911.988.909.600
14.812.826.168.442.600;6.029.008.571.086.670
930.828.218.763.223;2.307.827.897.903.630
5.060.151.430.179.640;2.880.904.076.773.280
6.267.687.918.232.420;27.283.557.598.926.800
3.220.688.118.569.600;3.422.258.442.399.880
13.971.585.678.725.900;12.437.828.002.106.100
4.413.012.994.681.690;32.592.877.644.914.600
9.918.197.706.171.040;19.292.631.846.518.200
6.288.662.648.246.470;2.844.888.629.985.920
9.650.136.030.189.520;20.180.634.584.453.100
1.081.704.466.022.230;19.843.531.641.330.200
1.295.690.164.448.640;15.316.931.679.053.200
5.477.055.261.127.230;2.717.501.207.365.630
31.319.499.439.017.600;35.908.064.344.546.500
4.642.627.560.825.680;2.964.281.798.812.050
13.800.223.702.177.200;14.015.668.192.207.700
13.486.680.930.750.100;13.761.212.765.302.300
101.689.572.260.437;23.338.452.901.502.800
1.020.620.232.520.380;19.140.663.384.848.600
10.980.440.094.555.000;17.340.486.218.653.400
5.104.455.343.481.390;29.752.250.101.261.700
13.972.943.351.099.500;11.447.753.732.132.400
8.025.246.298.704.870;25.549.391.206.474.300
75.976.623.389.939.600;21.572.054.105.138.800
922.701.246.339.405;1.943.861.023.491.910
35.635.916.013.006.600;3.073.721.095.424.020
4.995.400.425.072.950;31.909.814.333.801.200
11.856.403.397.116.400;19.708.419.950.930.900
39.935.840.151.015.100;3.180.393.353.272.200
10.237.825.313.596.600;19.186.705.926.426.600
59.441.893.161.758.500;2.825.172.569.387.460
76.715.473.685.037.100;26.980.661.868.208.900
64.643.248.412.483.900;25.216.644.049.122.000
726.807.259.757.939;2.594.059.277.031.070
11.628.550.862.210.900;18.693.293.535.142.900
65.654.605.874.781;2.787.126.716.492.340
9.796.855.683.562.760;20.785.451.866.071.900
8.712.604.826.389.190;2.457.688.253.235.580
10.964.053.984.351.700;1.266.542.744.529.790
14.241.956.871.897.000;12.871.836.895.267.600
11.790.865.166.523.000;15.110.118.300.699.100
5.579.284.543.089.080;25.180.165.120.108.900
3.374.197.620.735.410;3.427.400.995.757.910
61.471.685.315.979.000;30.452.980.027.130.100
10.140.935.168.403.000;19.443.232.633.938.500
3.617.109.761.811.000;3.467.152.957.078.380
8.956.394.966.414.830;2.531.176.658.314.760
1.016.211.418.700.260;22.305.600.533.162.700
7.010.926.689.803.520;29.258.075.679.135.700
12.250.946.444.949.800;16.982.362.092.244.000
4.279.179.037.605.260;3.159.250.920.259.260
3.901.653.380.829.700;28.992.761.614.546.200
11.738.265.074.443.200;16.031.344.874.853.600
8.945.895.794.474.380;20.421.715.220.418.800
11.260.828.757.132.800;21.820.227.920.729.900
8.217.928.063.244.950;2.321.237.224.864.540
5.956.824.398.869.280;2.833.276.081.583.040
12.829.227.812.090.300;15.444.515.127.900.100
12.592.990.547.627.700;14.901.223.797.489.400
1.133.635.765.025.310;20.717.386.780.355.200
6.265.741.646.759.550;2.622.321.798.301.190
10.082.768.002.429.000;20.223.678.905.616.300
7.331.686.763.280.320;2.385.168.530.204.320
409.898.487.991.961;29.161.985.217.719.300
14.007.762.905.546.900;10.760.936.007.095.600
4.641.823.571.027.530;306.422.792.638.481
1.440.284.824.584.960;10.335.699.059.266.200
8.352.069.275.495.460;21.911.019.489.261.300
